font_label,font_file,position,status,store_id,font_image
Abel Regular,productdesigner/fonts/Abel-Regular.ttf,0,1,0,
AbrilFatface Regular,productdesigner/fonts/AbrilFatface-Regular.ttf,0,1,0,
Aclonica Regular,productdesigner/fonts/Aclonica-Regular.ttf,0,1,0,
Acme Regular,productdesigner/fonts/Acme-Regular.ttf,0,1,0,
Adamina Regular,productdesigner/fonts/Adamina-Regular.ttf,0,1,0,
AdventPro Regular,productdesigner/fonts/AdventPro-Regular.ttf,0,1,0,
Akronim Regular,productdesigner/fonts/Akronim-Regular.ttf,0,1,0,
Aladin Regular,productdesigner/fonts/Aladin-Regular.ttf,0,1,0,
Aldrich Regular,productdesigner/fonts/Aldrich-Regular.ttf,0,1,0,
Alef Regular,productdesigner/fonts/Alef-Regular.ttf,0,1,0,
Alegreya Regular,productdesigner/fonts/Alegreya-Regular.ttf,0,1,0,
AlegreyaSans Regular,productdesigner/fonts/AlegreyaSans-Regular.ttf,0,1,0,
AlegreyaSansSC Regular,productdesigner/fonts/AlegreyaSansSC-Regular.ttf,0,1,0,
AlegreyaSC Regular,productdesigner/fonts/AlegreyaSC-Regular.ttf,0,1,0,
Aleo Regular,productdesigner/fonts/Aleo-Regular.ttf,0,1,0,
AlexBrush Regular,productdesigner/fonts/AlexBrush-Regular.ttf,0,1,0,
Alice Regular,productdesigner/fonts/Alice-Regular.ttf,0,1,0,
Alike Regular,productdesigner/fonts/Alike-Regular.ttf,0,1,0,
Allan Regular,productdesigner/fonts/Allan-Regular.ttf,0,1,0,
Allerta Regular,productdesigner/fonts/Allerta-Regular.ttf,0,1,0,
AllertaStencil Regular,productdesigner/fonts/AllertaStencil-Regular.ttf,0,1,0,
Allura Regular,productdesigner/fonts/Allura-Regular.ttf,0,1,0,
Almendra Regular,productdesigner/fonts/Almendra-Regular.ttf,0,1,0,
AlmendraDisplay Regular,productdesigner/fonts/AlmendraDisplay-Regular.ttf,0,1,0,
AlmendraSC Regular,productdesigner/fonts/AlmendraSC-Regular.ttf,0,1,0,
AmaticSC Regular,productdesigner/fonts/AmaticSC-Regular.ttf,0,1,0,
Amiko Regular,productdesigner/fonts/Amiko-Regular.ttf,0,1,0,
Amita Regular,productdesigner/fonts/Amita-Regular.ttf,0,1,0,
Anaheim Regular,productdesigner/fonts/Anaheim-Regular.ttf,0,1,0,
Andada Regular,productdesigner/fonts/Andada-Regular.ttf,0,1,0,
Andika Regular,productdesigner/fonts/Andika-Regular.ttf,0,1,0,
Angkor Regular,productdesigner/fonts/Angkor-Regular.ttf,0,1,0,
AnnieUseYourTelescope Regular,productdesigner/fonts/AnnieUseYourTelescope-Regular.ttf,0,1,0,
AnonymousPro Regular,productdesigner/fonts/AnonymousPro-Regular.ttf,0,1,0,
Antic Regular,productdesigner/fonts/Antic-Regular.ttf,0,1,0,
AnticDidone Regular,productdesigner/fonts/AnticDidone-Regular.ttf,0,1,0,
Anton Regular,productdesigner/fonts/Anton-Regular.ttf,0,1,0,
Arbutus Regular,productdesigner/fonts/Arbutus-Regular.ttf,0,1,0,
ArbutusSlab Regular,productdesigner/fonts/ArbutusSlab-Regular.ttf,0,1,0,
ArchitectsDaughter Regular,productdesigner/fonts/ArchitectsDaughter-Regular.ttf,0,1,0,
Archivo Regular,productdesigner/fonts/Archivo-Regular.ttf,0,1,0,
ArchivoBlack Regular,productdesigner/fonts/ArchivoBlack-Regular.ttf,0,1,0,
ArchivoNarrow Regular,productdesigner/fonts/ArchivoNarrow-Regular.ttf,0,1,0,
ArefRuqaa Regular,productdesigner/fonts/ArefRuqaa-Regular.ttf,0,1,0,
ArimaMadurai Regular,productdesigner/fonts/ArimaMadurai-Regular.ttf,0,1,0,
Arizonia Regular,productdesigner/fonts/Arizonia-Regular.ttf,0,1,0,
Armata Regular,productdesigner/fonts/Armata-Regular.ttf,0,1,0,
Arsenal Regular,productdesigner/fonts/Arsenal-Regular.ttf,0,1,0,
Artifika Regular,productdesigner/fonts/Artifika-Regular.ttf,0,1,0,
Arvo Regular,productdesigner/fonts/Arvo-Regular.ttf,0,1,0,
Arya Regular,productdesigner/fonts/Arya-Regular.ttf,0,1,0,
Asap Regular,productdesigner/fonts/Asap-Regular.ttf,0,1,0,
Asar Regular,productdesigner/fonts/Asar-Regular.ttf,0,1,0,
Asset Regular,productdesigner/fonts/Asset-Regular.ttf,0,1,0,
Assistant Regular,productdesigner/fonts/Assistant-Regular.ttf,0,1,0,
Astloch Regular,productdesigner/fonts/Astloch-Regular.ttf,0,1,0,
Asul Regular,productdesigner/fonts/Asul-Regular.ttf,0,1,0,
Athiti Regular,productdesigner/fonts/Athiti-Regular.ttf,0,1,0,
Atma Regular,productdesigner/fonts/Atma-Regular.ttf,0,1,0,
AtomicAge Regular,productdesigner/fonts/AtomicAge-Regular.ttf,0,1,0,
Aubrey Regular,productdesigner/fonts/Aubrey-Regular.ttf,0,1,0,
AutourOne Regular,productdesigner/fonts/AutourOne-Regular.ttf,0,1,0,
Average Regular,productdesigner/fonts/Average-Regular.ttf,0,1,0,
AverageSans Regular,productdesigner/fonts/AverageSans-Regular.ttf,0,1,0,
AveriaGruesaLibre Regular,productdesigner/fonts/AveriaGruesaLibre-Regular.ttf,0,1,0,
Bahiana Regular,productdesigner/fonts/Bahiana-Regular.ttf,0,1,0,
BaiJamjuree Regular,productdesigner/fonts/BaiJamjuree-Regular.ttf,0,1,0,
Baloo Regular,productdesigner/fonts/Baloo-Regular.ttf,0,1,0,
BalooBhai Regular,productdesigner/fonts/BalooBhai-Regular.ttf,0,1,0,
BalooBhaijaan Regular,productdesigner/fonts/BalooBhaijaan-Regular.ttf,0,1,0,
BalooChettan Regular,productdesigner/fonts/BalooChettan-Regular.ttf,0,1,0,
BalooDa Regular,productdesigner/fonts/BalooDa-Regular.ttf,0,1,0,
BalooTamma Regular,productdesigner/fonts/BalooTamma-Regular.ttf,0,1,0,
BalooTammudu Regular,productdesigner/fonts/BalooTammudu-Regular.ttf,0,1,0,
BalooThambi Regular,productdesigner/fonts/BalooThambi-Regular.ttf,0,1,0,
Balthazar Regular,productdesigner/fonts/Balthazar-Regular.ttf,0,1,0,
Barlow Regular,productdesigner/fonts/Barlow-Regular.ttf,0,1,0,
BarlowCondensed Regular,productdesigner/fonts/BarlowCondensed-Regular.ttf,0,1,0,
BarlowSemiCondensed Regular,productdesigner/fonts/BarlowSemiCondensed-Regular.ttf,0,1,0,
Barrio Regular,productdesigner/fonts/Barrio-Regular.ttf,0,1,0,
Basic Regular,productdesigner/fonts/Basic-Regular.ttf,0,1,0,
Battambang Regular,productdesigner/fonts/Battambang-Regular.ttf,0,1,0,
Baumans Regular,productdesigner/fonts/Baumans-Regular.ttf,0,1,0,
Bayon Regular,productdesigner/fonts/Bayon-Regular.ttf,0,1,0,
Belgrano Regular,productdesigner/fonts/Belgrano-Regular.ttf,0,1,0,
Bellefair Regular,productdesigner/fonts/Bellefair-Regular.ttf,0,1,0,
Belleza Regular,productdesigner/fonts/Belleza-Regular.ttf,0,1,0,
BenchNine Regular,productdesigner/fonts/BenchNine-Regular.ttf,0,1,0,
Bentham Regular,productdesigner/fonts/Bentham-Regular.ttf,0,1,0,
BerkshireSwash Regular,productdesigner/fonts/BerkshireSwash-Regular.ttf,0,1,0,
BigelowRules Regular,productdesigner/fonts/BigelowRules-Regular.ttf,0,1,0,
BigshotOne Regular,productdesigner/fonts/BigshotOne-Regular.ttf,0,1,0,
BioRhyme Regular,productdesigner/fonts/BioRhyme-Regular.ttf,0,1,0,
Biryani Regular,productdesigner/fonts/Biryani-Regular.ttf,0,1,0,
Bitter Regular,productdesigner/fonts/Bitter-Regular.ttf,0,1,0,
BlackHanSans Regular,productdesigner/fonts/BlackHanSans-Regular.ttf,0,1,0,
Bokor Regular,productdesigner/fonts/Bokor-Regular.ttf,0,1,0,
Bonbon Regular,productdesigner/fonts/Bonbon-Regular.ttf,0,1,0,
BowlbyOne Regular,productdesigner/fonts/BowlbyOne-Regular.ttf,0,1,0,
BowlbyOneSC Regular,productdesigner/fonts/BowlbyOneSC-Regular.ttf,0,1,0,
Brawler Regular,productdesigner/fonts/Brawler-Regular.ttf,0,1,0,
BreeSerif Regular,productdesigner/fonts/BreeSerif-Regular.ttf,0,1,0,
BubblegumSans Regular,productdesigner/fonts/BubblegumSans-Regular.ttf,0,1,0,
BubblerOne Regular,productdesigner/fonts/BubblerOne-Regular.ttf,0,1,0,
Buenard Regular,productdesigner/fonts/Buenard-Regular.ttf,0,1,0,
BungeeHairline Regular,productdesigner/fonts/BungeeHairline-Regular.ttf,0,1,0,
BungeeOutline Regular,productdesigner/fonts/BungeeOutline-Regular.ttf,0,1,0,
BungeeShade Regular,productdesigner/fonts/BungeeShade-Regular.ttf,0,1,0,
Butcherman Regular,productdesigner/fonts/Butcherman-Regular.ttf,0,1,0,
ButterflyKids Regular,productdesigner/fonts/ButterflyKids-Regular.ttf,0,1,0,
Cabin Regular,productdesigner/fonts/Cabin-Regular.ttf,0,1,0,
CabinCondensed Regular,productdesigner/fonts/CabinCondensed-Regular.ttf,0,1,0,
CabinSketch Regular,productdesigner/fonts/CabinSketch-Regular.ttf,0,1,0,
CaesarDressing Regular,productdesigner/fonts/CaesarDressing-Regular.ttf,0,1,0,
Cagliostro Regular,productdesigner/fonts/Cagliostro-Regular.ttf,0,1,0,
Cambay Regular,productdesigner/fonts/Cambay-Regular.ttf,0,1,0,
Cambo Regular,productdesigner/fonts/Cambo-Regular.ttf,0,1,0,
Candal,productdesigner/fonts/Candal.ttf,0,1,0,
Cantarell Regular,productdesigner/fonts/Cantarell-Regular.ttf,0,1,0,
CantoraOne Regular,productdesigner/fonts/CantoraOne-Regular.ttf,0,1,0,
Capriola Regular,productdesigner/fonts/Capriola-Regular.ttf,0,1,0,
Carme Regular,productdesigner/fonts/Carme-Regular.ttf,0,1,0,
CarroisGothic Regular,productdesigner/fonts/CarroisGothic-Regular.ttf,0,1,0,
CarroisGothicSC Regular,productdesigner/fonts/CarroisGothicSC-Regular.ttf,0,1,0,
CarterOne,productdesigner/fonts/CarterOne.ttf,0,1,0,
Catamaran Regular,productdesigner/fonts/Catamaran-Regular.ttf,0,1,0,
Caudex Regular,productdesigner/fonts/Caudex-Regular.ttf,0,1,0,
Caveat Regular,productdesigner/fonts/Caveat-Regular.ttf,0,1,0,
CaveatBrush Regular,productdesigner/fonts/CaveatBrush-Regular.ttf,0,1,0,
Cedarville Cursive,productdesigner/fonts/Cedarville-Cursive.ttf,0,1,0,
CevicheOne Regular,productdesigner/fonts/CevicheOne-Regular.ttf,0,1,0,
ChakraPetch Regular,productdesigner/fonts/ChakraPetch-Regular.ttf,0,1,0,
Changa Regular,productdesigner/fonts/Changa-Regular.ttf,0,1,0,
Chango Regular,productdesigner/fonts/Chango-Regular.ttf,0,1,0,
Charm Regular,productdesigner/fonts/Charm-Regular.ttf,0,1,0,
Charmonman Regular,productdesigner/fonts/Charmonman-Regular.ttf,0,1,0,
Chathura Regular,productdesigner/fonts/Chathura-Regular.ttf,0,1,0,
ChauPhilomeneOne Regular,productdesigner/fonts/ChauPhilomeneOne-Regular.ttf,0,1,0,
ChelaOne Regular,productdesigner/fonts/ChelaOne-Regular.ttf,0,1,0,
ChelseaMarket Regular,productdesigner/fonts/ChelseaMarket-Regular.ttf,0,1,0,
Chenla,productdesigner/fonts/Chenla.ttf,0,1,0,
Chewy Regular,productdesigner/fonts/Chewy-Regular.ttf,0,1,0,
Chicle Regular,productdesigner/fonts/Chicle-Regular.ttf,0,1,0,
Chonburi Regular,productdesigner/fonts/Chonburi-Regular.ttf,0,1,0,
Cinzel Regular,productdesigner/fonts/Cinzel-Regular.ttf,0,1,0,
CinzelDecorative Regular,productdesigner/fonts/CinzelDecorative-Regular.ttf,0,1,0,
ClickerScript Regular,productdesigner/fonts/ClickerScript-Regular.ttf,0,1,0,
Coda Regular,productdesigner/fonts/Coda-Regular.ttf,0,1,0,
CodaCaption ExtraBold,productdesigner/fonts/CodaCaption-ExtraBold.ttf,0,1,0,
Codystar Regular,productdesigner/fonts/Codystar-Regular.ttf,0,1,0,
Coiny Regular,productdesigner/fonts/Coiny-Regular.ttf,0,1,0,
Combo Regular,productdesigner/fonts/Combo-Regular.ttf,0,1,0,
Comfortaa Regular,productdesigner/fonts/Comfortaa-Regular.ttf,0,1,0,
ComingSoon Regular,productdesigner/fonts/ComingSoon-Regular.ttf,0,1,0,
ConcertOne Regular,productdesigner/fonts/ConcertOne-Regular.ttf,0,1,0,
Content Regular,productdesigner/fonts/Content-Regular.ttf,0,1,0,
ContrailOne Regular,productdesigner/fonts/ContrailOne-Regular.ttf,0,1,0,
Convergence Regular,productdesigner/fonts/Convergence-Regular.ttf,0,1,0,
Corben Regular,productdesigner/fonts/Corben-Regular.ttf,0,1,0,
Cormorant Regular,productdesigner/fonts/Cormorant-Regular.ttf,0,1,0,
CormorantInfant Regular,productdesigner/fonts/CormorantInfant-Regular.ttf,0,1,0,
CormorantSC Regular,productdesigner/fonts/CormorantSC-Regular.ttf,0,1,0,
CormorantUnicase Regular,productdesigner/fonts/CormorantUnicase-Regular.ttf,0,1,0,
CormorantUpright Regular,productdesigner/fonts/CormorantUpright-Regular.ttf,0,1,0,
Courgette Regular,productdesigner/fonts/Courgette-Regular.ttf,0,1,0,
Cousine Regular,productdesigner/fonts/Cousine-Regular.ttf,0,1,0,
Coustard Regular,productdesigner/fonts/Coustard-Regular.ttf,0,1,0,
CreteRound Regular,productdesigner/fonts/CreteRound-Regular.ttf,0,1,0,
CrimsonText Regular,productdesigner/fonts/CrimsonText-Regular.ttf,0,1,0,
CroissantOne Regular,productdesigner/fonts/CroissantOne-Regular.ttf,0,1,0,
Crushed Regular,productdesigner/fonts/Crushed-Regular.ttf,0,1,0,
Cuprum Regular,productdesigner/fonts/Cuprum-Regular.ttf,0,1,0,
Cutive Regular,productdesigner/fonts/Cutive-Regular.ttf,0,1,0,
CutiveMono Regular,productdesigner/fonts/CutiveMono-Regular.ttf,0,1,0,
DancingScript Regular,productdesigner/fonts/DancingScript-Regular.ttf,0,1,0,
Dangrek,productdesigner/fonts/Dangrek.ttf,0,1,0,
DavidLibre Regular,productdesigner/fonts/DavidLibre-Regular.ttf,0,1,0,
DawningofaNewDay,productdesigner/fonts/DawningofaNewDay.ttf,0,1,0,
DaysOne Regular,productdesigner/fonts/DaysOne-Regular.ttf,0,1,0,
Dekko Regular,productdesigner/fonts/Dekko-Regular.ttf,0,1,0,
Delius Regular,productdesigner/fonts/Delius-Regular.ttf,0,1,0,
DeliusSwashCaps Regular,productdesigner/fonts/DeliusSwashCaps-Regular.ttf,0,1,0,
DellaRespira Regular,productdesigner/fonts/DellaRespira-Regular.ttf,0,1,0,
DenkOne Regular,productdesigner/fonts/DenkOne-Regular.ttf,0,1,0,
Devonshire Regular,productdesigner/fonts/Devonshire-Regular.ttf,0,1,0,
Dhurjati Regular,productdesigner/fonts/Dhurjati-Regular.ttf,0,1,0,
Diplomata Regular,productdesigner/fonts/Diplomata-Regular.ttf,0,1,0,
DiplomataSC Regular,productdesigner/fonts/DiplomataSC-Regular.ttf,0,1,0,
DoHyeon Regular,productdesigner/fonts/DoHyeon-Regular.ttf,0,1,0,
Dokdo Regular,productdesigner/fonts/Dokdo-Regular.ttf,0,1,0,
Domine Regular,productdesigner/fonts/Domine-Regular.ttf,0,1,0,
DoppioOne Regular,productdesigner/fonts/DoppioOne-Regular.ttf,0,1,0,
Dosis Regular,productdesigner/fonts/Dosis-Regular.ttf,0,1,0,
DrSugiyama Regular,productdesigner/fonts/DrSugiyama-Regular.ttf,0,1,0,
DuruSans Regular,productdesigner/fonts/DuruSans-Regular.ttf,0,1,0,
EagleLake Regular,productdesigner/fonts/EagleLake-Regular.ttf,0,1,0,
Eater Regular,productdesigner/fonts/Eater-Regular.ttf,0,1,0,
EBGaramond Regular,productdesigner/fonts/EBGaramond-Regular.ttf,0,1,0,
Eczar Regular,productdesigner/fonts/Eczar-Regular.ttf,0,1,0,
Electrolize Regular,productdesigner/fonts/Electrolize-Regular.ttf,0,1,0,
ElMessiri Regular,productdesigner/fonts/ElMessiri-Regular.ttf,0,1,0,
Elsie Regular,productdesigner/fonts/Elsie-Regular.ttf,0,1,0,
ElsieSwashCaps Regular,productdesigner/fonts/ElsieSwashCaps-Regular.ttf,0,1,0,
EmblemaOne Regular,productdesigner/fonts/EmblemaOne-Regular.ttf,0,1,0,
EmilysCandy Regular,productdesigner/fonts/EmilysCandy-Regular.ttf,0,1,0,
EncodeSans Regular,productdesigner/fonts/EncodeSans-Regular.ttf,0,1,0,
EncodeSansCondensed Regular,productdesigner/fonts/EncodeSansCondensed-Regular.ttf,0,1,0,
EncodeSansExpanded Regular,productdesigner/fonts/EncodeSansExpanded-Regular.ttf,0,1,0,
EncodeSansSemiCondensed Regular,productdesigner/fonts/EncodeSansSemiCondensed-Regular.ttf,0,1,0,
EncodeSansSemiExpanded Regular,productdesigner/fonts/EncodeSansSemiExpanded-Regular.ttf,0,1,0,
Englebert Regular,productdesigner/fonts/Englebert-Regular.ttf,0,1,0,
EricaOne Regular,productdesigner/fonts/EricaOne-Regular.ttf,0,1,0,
EuphoriaScript Regular,productdesigner/fonts/EuphoriaScript-Regular.ttf,0,1,0,
Ewert Regular,productdesigner/fonts/Ewert-Regular.ttf,0,1,0,
Exo Regular,productdesigner/fonts/Exo-Regular.ttf,0,1,0,
Exo2 Regular,productdesigner/fonts/Exo2-Regular.ttf,0,1,0,
ExpletusSans Regular,productdesigner/fonts/ExpletusSans-Regular.ttf,0,1,0,
FanwoodText Regular,productdesigner/fonts/FanwoodText-Regular.ttf,0,1,0,
Farsan Regular,productdesigner/fonts/Farsan-Regular.ttf,0,1,0,
Fascinate Regular,productdesigner/fonts/Fascinate-Regular.ttf,0,1,0,
FascinateInline Regular,productdesigner/fonts/FascinateInline-Regular.ttf,0,1,0,
Fasthand Regular,productdesigner/fonts/Fasthand-Regular.ttf,0,1,0,
FaunaOne Regular,productdesigner/fonts/FaunaOne-Regular.ttf,0,1,0,
Faustina Regular,productdesigner/fonts/Faustina-Regular.ttf,0,1,0,
Federant Regular,productdesigner/fonts/Federant-Regular.ttf,0,1,0,
Federo Regular,productdesigner/fonts/Federo-Regular.ttf,0,1,0,
Felipa Regular,productdesigner/fonts/Felipa-Regular.ttf,0,1,0,
Fenix Regular,productdesigner/fonts/Fenix-Regular.ttf,0,1,0,
FingerPaint Regular,productdesigner/fonts/FingerPaint-Regular.ttf,0,1,0,
FiraSans Regular,productdesigner/fonts/FiraSans-Regular.ttf,0,1,0,
FiraSansCondensed Regular,productdesigner/fonts/FiraSansCondensed-Regular.ttf,0,1,0,
FiraSansExtraCondensed Regular,productdesigner/fonts/FiraSansExtraCondensed-Regular.ttf,0,1,0,
FjallaOne Regular,productdesigner/fonts/FjallaOne-Regular.ttf,0,1,0,
FjordOne Regular,productdesigner/fonts/FjordOne-Regular.ttf,0,1,0,
Flavors Regular,productdesigner/fonts/Flavors-Regular.ttf,0,1,0,
FontdinerSwanky Regular,productdesigner/fonts/FontdinerSwanky-Regular.ttf,0,1,0,
Forum Regular,productdesigner/fonts/Forum-Regular.ttf,0,1,0,
FrancoisOne Regular,productdesigner/fonts/FrancoisOne-Regular.ttf,0,1,0,
FrankRuhlLibre Regular,productdesigner/fonts/FrankRuhlLibre-Regular.ttf,0,1,0,
FreckleFace Regular,productdesigner/fonts/FreckleFace-Regular.ttf,0,1,0,
FrederickatheGreat Regular,productdesigner/fonts/FrederickatheGreat-Regular.ttf,0,1,0,
Freehand,productdesigner/fonts/Freehand.ttf,0,1,0,
Fresca Regular,productdesigner/fonts/Fresca-Regular.ttf,0,1,0,
Frijole Regular,productdesigner/fonts/Frijole-Regular.ttf,0,1,0,
Fruktur Regular,productdesigner/fonts/Fruktur-Regular.ttf,0,1,0,
FugazOne Regular,productdesigner/fonts/FugazOne-Regular.ttf,0,1,0,
Gabriela Regular,productdesigner/fonts/Gabriela-Regular.ttf,0,1,0,
Gaegu Regular,productdesigner/fonts/Gaegu-Regular.ttf,0,1,0,
Gafata Regular,productdesigner/fonts/Gafata-Regular.ttf,0,1,0,
Galada Regular,productdesigner/fonts/Galada-Regular.ttf,0,1,0,
Galdeano Regular,productdesigner/fonts/Galdeano-Regular.ttf,0,1,0,
Galindo Regular,productdesigner/fonts/Galindo-Regular.ttf,0,1,0,
GamjaFlower Regular,productdesigner/fonts/GamjaFlower-Regular.ttf,0,1,0,
GenBasR,productdesigner/fonts/GenBasR.ttf,0,1,0,
Geo Regular,productdesigner/fonts/Geo-Regular.ttf,0,1,0,
Geostar Regular,productdesigner/fonts/Geostar-Regular.ttf,0,1,0,
GeostarFill Regular,productdesigner/fonts/GeostarFill-Regular.ttf,0,1,0,
GermaniaOne Regular,productdesigner/fonts/GermaniaOne-Regular.ttf,0,1,0,
GFSDidot Regular,productdesigner/fonts/GFSDidot-Regular.ttf,0,1,0,
GFSNeohellenic,productdesigner/fonts/GFSNeohellenic.ttf,0,1,0,
Gidugu Regular,productdesigner/fonts/Gidugu-Regular.ttf,0,1,0,
GildaDisplay Regular,productdesigner/fonts/GildaDisplay-Regular.ttf,0,1,0,
GiveYouGlory,productdesigner/fonts/GiveYouGlory.ttf,0,1,0,
GlassAntiqua Regular,productdesigner/fonts/GlassAntiqua-Regular.ttf,0,1,0,
GloriaHallelujah,productdesigner/fonts/GloriaHallelujah.ttf,0,1,0,
GoblinOne,productdesigner/fonts/GoblinOne.ttf,0,1,0,
GochiHand Regular,productdesigner/fonts/GochiHand-Regular.ttf,0,1,0,
Gorditas Regular,productdesigner/fonts/Gorditas-Regular.ttf,0,1,0,
GothicA1 Regular,productdesigner/fonts/GothicA1-Regular.ttf,0,1,0,
GoudyBookletter1911,productdesigner/fonts/GoudyBookletter1911.ttf,0,1,0,
Graduate Regular,productdesigner/fonts/Graduate-Regular.ttf,0,1,0,
GrandHotel Regular,productdesigner/fonts/GrandHotel-Regular.ttf,0,1,0,
GravitasOne,productdesigner/fonts/GravitasOne.ttf,0,1,0,
Gruppo Regular,productdesigner/fonts/Gruppo-Regular.ttf,0,1,0,
Gudea Regular,productdesigner/fonts/Gudea-Regular.ttf,0,1,0,
Gugi Regular,productdesigner/fonts/Gugi-Regular.ttf,0,1,0,
Habibi Regular,productdesigner/fonts/Habibi-Regular.ttf,0,1,0,
Halant Regular,productdesigner/fonts/Halant-Regular.ttf,0,1,0,
HammersmithOne Regular,productdesigner/fonts/HammersmithOne-Regular.ttf,0,1,0,
Hanalei Regular,productdesigner/fonts/Hanalei-Regular.ttf,0,1,0,
HanaleiFill Regular,productdesigner/fonts/HanaleiFill-Regular.ttf,0,1,0,
Hanuman Regular,productdesigner/fonts/Hanuman-Regular.ttf,0,1,0,
HappyMonkey Regular,productdesigner/fonts/HappyMonkey-Regular.ttf,0,1,0,
Harmattan Regular,productdesigner/fonts/Harmattan-Regular.ttf,0,1,0,
HeadlandOne Regular,productdesigner/fonts/HeadlandOne-Regular.ttf,0,1,0,
Heebo Regular,productdesigner/fonts/Heebo-Regular.ttf,0,1,0,
HerrVonMuellerhoff Regular,productdesigner/fonts/HerrVonMuellerhoff-Regular.ttf,0,1,0,
HiMelody Regular,productdesigner/fonts/HiMelody-Regular.ttf,0,1,0,
Hind Regular,productdesigner/fonts/Hind-Regular.ttf,0,1,0,
HindGuntur Regular,productdesigner/fonts/HindGuntur-Regular.ttf,0,1,0,
HindMadurai Regular,productdesigner/fonts/HindMadurai-Regular.ttf,0,1,0,
HindVadodara Regular,productdesigner/fonts/HindVadodara-Regular.ttf,0,1,0,
HoltwoodOneSC,productdesigner/fonts/HoltwoodOneSC.ttf,0,1,0,
Homenaje Regular,productdesigner/fonts/Homenaje-Regular.ttf,0,1,0,
IBMPlexMono Regular,productdesigner/fonts/IBMPlexMono-Regular.ttf,0,1,0,
IBMPlexSans Regular,productdesigner/fonts/IBMPlexSans-Regular.ttf,0,1,0,
IBMPlexSansCondensed Regular,productdesigner/fonts/IBMPlexSansCondensed-Regular.ttf,0,1,0,
Iceberg Regular,productdesigner/fonts/Iceberg-Regular.ttf,0,1,0,
Iceland Regular,productdesigner/fonts/Iceland-Regular.ttf,0,1,0,
IMFeDPrm28P,productdesigner/fonts/IMFeDPrm28P.ttf,0,1,0,
IMFeENrm28P,productdesigner/fonts/IMFeENrm28P.ttf,0,1,0,
IMFeENsc28P,productdesigner/fonts/IMFeENsc28P.ttf,0,1,0,
IMFePIrm28P,productdesigner/fonts/IMFePIrm28P.ttf,0,1,0,
Imprima Regular,productdesigner/fonts/Imprima-Regular.ttf,0,1,0,
Inconsolata Regular,productdesigner/fonts/Inconsolata-Regular.ttf,0,1,0,
Inder Regular,productdesigner/fonts/Inder-Regular.ttf,0,1,0,
IndieFlower Regular,productdesigner/fonts/IndieFlower-Regular.ttf,0,1,0,
Inika Regular,productdesigner/fonts/Inika-Regular.ttf,0,1,0,
InknutAntiqua Regular,productdesigner/fonts/InknutAntiqua-Regular.ttf,0,1,0,
IrishGrover Regular,productdesigner/fonts/IrishGrover-Regular.ttf,0,1,0,
IstokWeb Regular,productdesigner/fonts/IstokWeb-Regular.ttf,0,1,0,
Italianno Regular,productdesigner/fonts/Italianno-Regular.ttf,0,1,0,
Itim Regular,productdesigner/fonts/Itim-Regular.ttf,0,1,0,
JacquesFrancois Regular,productdesigner/fonts/JacquesFrancois-Regular.ttf,0,1,0,
JacquesFrancoisShadow Regular,productdesigner/fonts/JacquesFrancoisShadow-Regular.ttf,0,1,0,
Jaldi Regular,productdesigner/fonts/Jaldi-Regular.ttf,0,1,0,
JimNightshade Regular,productdesigner/fonts/JimNightshade-Regular.ttf,0,1,0,
JockeyOne Regular,productdesigner/fonts/JockeyOne-Regular.ttf,0,1,0,
JollyLodger Regular,productdesigner/fonts/JollyLodger-Regular.ttf,0,1,0,
Jomhuria Regular,productdesigner/fonts/Jomhuria-Regular.ttf,0,1,0,
JosefinSans Regular,productdesigner/fonts/JosefinSans-Regular.ttf,0,1,0,
JosefinSlab Regular,productdesigner/fonts/JosefinSlab-Regular.ttf,0,1,0,
JotiOne Regular,productdesigner/fonts/JotiOne-Regular.ttf,0,1,0,
Jua Regular,productdesigner/fonts/Jua-Regular.ttf,0,1,0,
Judson Regular,productdesigner/fonts/Judson-Regular.ttf,0,1,0,
JuliusSansOne Regular,productdesigner/fonts/JuliusSansOne-Regular.ttf,0,1,0,
JustAnotherHand Regular,productdesigner/fonts/JustAnotherHand-Regular.ttf,0,1,0,
JustMeAgainDownHere,productdesigner/fonts/JustMeAgainDownHere.ttf,0,1,0,
K2D Regular,productdesigner/fonts/K2D-Regular.ttf,0,1,0,
Kadwa Regular,productdesigner/fonts/Kadwa-Regular.ttf,0,1,0,
Kameron Regular,productdesigner/fonts/Kameron-Regular.ttf,0,1,0,
Kanit Regular,productdesigner/fonts/Kanit-Regular.ttf,0,1,0,
Kantumruy Regular,productdesigner/fonts/Kantumruy-Regular.ttf,0,1,0,
Karla Regular,productdesigner/fonts/Karla-Regular.ttf,0,1,0,
Karma Regular,productdesigner/fonts/Karma-Regular.ttf,0,1,0,
Katibeh Regular,productdesigner/fonts/Katibeh-Regular.ttf,0,1,0,
KaushanScript Regular,productdesigner/fonts/KaushanScript-Regular.ttf,0,1,0,
Kavivanar Regular,productdesigner/fonts/Kavivanar-Regular.ttf,0,1,0,
KdamThmor Regular,productdesigner/fonts/KdamThmor-Regular.ttf,0,1,0,
KeaniaOne Regular,productdesigner/fonts/KeaniaOne-Regular.ttf,0,1,0,
KellySlab Regular,productdesigner/fonts/KellySlab-Regular.ttf,0,1,0,
Kenia Regular,productdesigner/fonts/Kenia-Regular.ttf,0,1,0,
Khand Regular,productdesigner/fonts/Khand-Regular.ttf,0,1,0,
Khula Regular,productdesigner/fonts/Khula-Regular.ttf,0,1,0,
KirangHaerang Regular,productdesigner/fonts/KirangHaerang-Regular.ttf,0,1,0,
Knewave Regular,productdesigner/fonts/Knewave-Regular.ttf,0,1,0,
KoHo Regular,productdesigner/fonts/KoHo-Regular.ttf,0,1,0,
Kosugi Regular,productdesigner/fonts/Kosugi-Regular.ttf,0,1,0,
KosugiMaru Regular,productdesigner/fonts/KosugiMaru-Regular.ttf,0,1,0,
KottaOne Regular,productdesigner/fonts/KottaOne-Regular.ttf,0,1,0,
Koulen,productdesigner/fonts/Koulen.ttf,0,1,0,
Kranky Regular,productdesigner/fonts/Kranky-Regular.ttf,0,1,0,
Kristi Regular,productdesigner/fonts/Kristi-Regular.ttf,0,1,0,
Krub Regular,productdesigner/fonts/Krub-Regular.ttf,0,1,0,
KumarOne Regular,productdesigner/fonts/KumarOne-Regular.ttf,0,1,0,
KumarOneOutline Regular,productdesigner/fonts/KumarOneOutline-Regular.ttf,0,1,0,
LaBelleAurore,productdesigner/fonts/LaBelleAurore.ttf,0,1,0,
Laila Regular,productdesigner/fonts/Laila-Regular.ttf,0,1,0,
LakkiReddy Regular,productdesigner/fonts/LakkiReddy-Regular.ttf,0,1,0,
Lalezar Regular,productdesigner/fonts/Lalezar-Regular.ttf,0,1,0,
Lancelot Regular,productdesigner/fonts/Lancelot-Regular.ttf,0,1,0,
LateefRegOT,productdesigner/fonts/LateefRegOT.ttf,0,1,0,
LeckerliOne Regular,productdesigner/fonts/LeckerliOne-Regular.ttf,0,1,0,
Lekton Regular,productdesigner/fonts/Lekton-Regular.ttf,0,1,0,
Lemon Regular,productdesigner/fonts/Lemon-Regular.ttf,0,1,0,
Lemonada Regular,productdesigner/fonts/Lemonada-Regular.ttf,0,1,0,
LibreBarcode128 Regular,productdesigner/fonts/LibreBarcode128-Regular.ttf,0,1,0,
LibreBarcode39 Regular,productdesigner/fonts/LibreBarcode39-Regular.ttf,0,1,0,
LibreBarcode39Extended Regular,productdesigner/fonts/LibreBarcode39Extended-Regular.ttf,0,1,0,
LibreBarcode39ExtendedText Regular,productdesigner/fonts/LibreBarcode39ExtendedText-Regular.ttf,0,1,0,
LibreBarcode39Text Regular,productdesigner/fonts/LibreBarcode39Text-Regular.ttf,0,1,0,
LibreBaskerville Regular,productdesigner/fonts/LibreBaskerville-Regular.ttf,0,1,0,
LibreFranklin Regular,productdesigner/fonts/LibreFranklin-Regular.ttf,0,1,0,
LilitaOne Regular,productdesigner/fonts/LilitaOne-Regular.ttf,0,1,0,
LilyScriptOne Regular,productdesigner/fonts/LilyScriptOne-Regular.ttf,0,1,0,
Limelight Regular,productdesigner/fonts/Limelight-Regular.ttf,0,1,0,
Lobster Regular,productdesigner/fonts/Lobster-Regular.ttf,0,1,0,
LobsterTwo Regular,productdesigner/fonts/LobsterTwo-Regular.ttf,0,1,0,
LondrinaOutline Regular,productdesigner/fonts/LondrinaOutline-Regular.ttf,0,1,0,
LondrinaShadow Regular,productdesigner/fonts/LondrinaShadow-Regular.ttf,0,1,0,
LondrinaSketch Regular,productdesigner/fonts/LondrinaSketch-Regular.ttf,0,1,0,
LondrinaSolid Regular,productdesigner/fonts/LondrinaSolid-Regular.ttf,0,1,0,
LovedbytheKing,productdesigner/fonts/LovedbytheKing.ttf,0,1,0,
LoversQuarrel Regular,productdesigner/fonts/LoversQuarrel-Regular.ttf,0,1,0,
LoveYaLikeASister,productdesigner/fonts/LoveYaLikeASister.ttf,0,1,0,
Lusitana Regular,productdesigner/fonts/Lusitana-Regular.ttf,0,1,0,
Lustria Regular,productdesigner/fonts/Lustria-Regular.ttf,0,1,0,
Macondo Regular,productdesigner/fonts/Macondo-Regular.ttf,0,1,0,
MacondoSwashCaps Regular,productdesigner/fonts/MacondoSwashCaps-Regular.ttf,0,1,0,
Magra Regular,productdesigner/fonts/Magra-Regular.ttf,0,1,0,
MaidenOrange Regular,productdesigner/fonts/MaidenOrange-Regular.ttf,0,1,0,
Maitree Regular,productdesigner/fonts/Maitree-Regular.ttf,0,1,0,
MajorMonoDisplay Regular,productdesigner/fonts/MajorMonoDisplay-Regular.ttf,0,1,0,
Mako Regular,productdesigner/fonts/Mako-Regular.ttf,0,1,0,
Mali Regular,productdesigner/fonts/Mali-Regular.ttf,0,1,0,
Mandali Regular,productdesigner/fonts/Mandali-Regular.ttf,0,1,0,
Manuale Regular,productdesigner/fonts/Manuale-Regular.ttf,0,1,0,
Marcellus Regular,productdesigner/fonts/Marcellus-Regular.ttf,0,1,0,
MarcellusSC Regular,productdesigner/fonts/MarcellusSC-Regular.ttf,0,1,0,
Margarine Regular,productdesigner/fonts/Margarine-Regular.ttf,0,1,0,
MarkaziText Roman VF,productdesigner/fonts/MarkaziText-Roman-VF.ttf,0,1,0,
MarkoOne Regular,productdesigner/fonts/MarkoOne-Regular.ttf,0,1,0,
Marmelad Regular,productdesigner/fonts/Marmelad-Regular.ttf,0,1,0,
Martel Regular,productdesigner/fonts/Martel-Regular.ttf,0,1,0,
MartelSans Regular,productdesigner/fonts/MartelSans-Regular.ttf,0,1,0,
Mate Regular,productdesigner/fonts/Mate-Regular.ttf,0,1,0,
MateSC Regular,productdesigner/fonts/MateSC-Regular.ttf,0,1,0,
MavenPro Regular,productdesigner/fonts/MavenPro-Regular.ttf,0,1,0,
Meddon,productdesigner/fonts/Meddon.ttf,0,1,0,
MeeraInimai Regular,productdesigner/fonts/MeeraInimai-Regular.ttf,0,1,0,
Megrim,productdesigner/fonts/Megrim.ttf,0,1,0,
MeieScript Regular,productdesigner/fonts/MeieScript-Regular.ttf,0,1,0,
Merienda Regular,productdesigner/fonts/Merienda-Regular.ttf,0,1,0,
MeriendaOne Regular,productdesigner/fonts/MeriendaOne-Regular.ttf,0,1,0,
MerriweatherSans Regular,productdesigner/fonts/MerriweatherSans-Regular.ttf,0,1,0,
Metal,productdesigner/fonts/Metal.ttf,0,1,0,
MetalMania Regular,productdesigner/fonts/MetalMania-Regular.ttf,0,1,0,
Metamorphous Regular,productdesigner/fonts/Metamorphous-Regular.ttf,0,1,0,
Metrophobic Regular,productdesigner/fonts/Metrophobic-Regular.ttf,0,1,0,
Michroma,productdesigner/fonts/Michroma.ttf,0,1,0,
Milonga Regular,productdesigner/fonts/Milonga-Regular.ttf,0,1,0,
Miltonian Regular,productdesigner/fonts/Miltonian-Regular.ttf,0,1,0,
Mina Regular,productdesigner/fonts/Mina-Regular.ttf,0,1,0,
Miniver Regular,productdesigner/fonts/Miniver-Regular.ttf,0,1,0,
Mirza Regular,productdesigner/fonts/Mirza-Regular.ttf,0,1,0,
MissFajardose Regular,productdesigner/fonts/MissFajardose-Regular.ttf,0,1,0,
Modak Regular,productdesigner/fonts/Modak-Regular.ttf,0,1,0,
ModernAntiqua Regular,productdesigner/fonts/ModernAntiqua-Regular.ttf,0,1,0,
Mogra Regular,productdesigner/fonts/Mogra-Regular.ttf,0,1,0,
Molle Regular,productdesigner/fonts/Molle-Regular.ttf,0,1,0,
Monda Regular,productdesigner/fonts/Monda-Regular.ttf,0,1,0,
Monoton Regular,productdesigner/fonts/Monoton-Regular.ttf,0,1,0,
MonsieurLaDoulaise Regular,productdesigner/fonts/MonsieurLaDoulaise-Regular.ttf,0,1,0,
Montaga Regular,productdesigner/fonts/Montaga-Regular.ttf,0,1,0,
Montez Regular,productdesigner/fonts/Montez-Regular.ttf,0,1,0,
MontserratAlternates Regular,productdesigner/fonts/MontserratAlternates-Regular.ttf,0,1,0,
MontserratSubrayada Regular,productdesigner/fonts/MontserratSubrayada-Regular.ttf,0,1,0,
Moul,productdesigner/fonts/Moul.ttf,0,1,0,
Moulpali,productdesigner/fonts/Moulpali.ttf,0,1,0,
MountainsofChristmas Regular,productdesigner/fonts/MountainsofChristmas-Regular.ttf,0,1,0,
MouseMemoirs Regular,productdesigner/fonts/MouseMemoirs-Regular.ttf,0,1,0,
Mplus1p Regular,productdesigner/fonts/Mplus1p-Regular.ttf,0,1,0,
MPLUSRounded1c Regular,productdesigner/fonts/MPLUSRounded1c-Regular.ttf,0,1,0,
MrBedfort Regular,productdesigner/fonts/MrBedfort-Regular.ttf,0,1,0,
MrDafoe Regular,productdesigner/fonts/MrDafoe-Regular.ttf,0,1,0,
MrDeHaviland Regular,productdesigner/fonts/MrDeHaviland-Regular.ttf,0,1,0,
MrsSaintDelafield Regular,productdesigner/fonts/MrsSaintDelafield-Regular.ttf,0,1,0,
MrsSheppards Regular,productdesigner/fonts/MrsSheppards-Regular.ttf,0,1,0,
Mukta Regular,productdesigner/fonts/Mukta-Regular.ttf,0,1,0,
MuktaMahee Regular,productdesigner/fonts/MuktaMahee-Regular.ttf,0,1,0,
MuktaMalar Regular,productdesigner/fonts/MuktaMalar-Regular.ttf,0,1,0,
Muli Regular,productdesigner/fonts/Muli-Regular.ttf,0,1,0,
NanumBrushScript Regular,productdesigner/fonts/NanumBrushScript-Regular.ttf,0,1,0,
NanumGothic Regular,productdesigner/fonts/NanumGothic-Regular.ttf,0,1,0,
NanumMyeongjo Regular,productdesigner/fonts/NanumMyeongjo-Regular.ttf,0,1,0,
NewRocker Regular,productdesigner/fonts/NewRocker-Regular.ttf,0,1,0,
NewsCycle Regular,productdesigner/fonts/NewsCycle-Regular.ttf,0,1,0,
Niconne Regular,productdesigner/fonts/Niconne-Regular.ttf,0,1,0,
Niramit Regular,productdesigner/fonts/Niramit-Regular.ttf,0,1,0,
NixieOne Regular,productdesigner/fonts/NixieOne-Regular.ttf,0,1,0,
Nokora Regular,productdesigner/fonts/Nokora-Regular.ttf,0,1,0,
Norican Regular,productdesigner/fonts/Norican-Regular.ttf,0,1,0,
Nosifer Regular,productdesigner/fonts/Nosifer-Regular.ttf,0,1,0,
NothingYouCouldDo,productdesigner/fonts/NothingYouCouldDo.ttf,0,1,0,
NoticiaText Regular,productdesigner/fonts/NoticiaText-Regular.ttf,0,1,0,
NotoSansKR Regular,productdesigner/fonts/NotoSansKR-Regular.otf,0,1,0,
NotoSansTC Regular,productdesigner/fonts/NotoSansTC-Regular.otf,0,1,0,
NotoSerif Regular,productdesigner/fonts/NotoSerif-Regular.ttf,0,1,0,
NotoSerifJP Regular,productdesigner/fonts/NotoSerifJP-Regular.otf,0,1,0,
NotoSerifKR Regular,productdesigner/fonts/NotoSerifKR-Regular.otf,0,1,0,
NotoSerifSC Regular,productdesigner/fonts/NotoSerifSC-Regular.otf,0,1,0,
NotoSerifTC Regular,productdesigner/fonts/NotoSerifTC-Regular.otf,0,1,0,
NovaCut,productdesigner/fonts/NovaCut.ttf,0,1,0,
NovaFlat,productdesigner/fonts/NovaFlat.ttf,0,1,0,
NovaOval,productdesigner/fonts/NovaOval.ttf,0,1,0,
NovaScript Regular,productdesigner/fonts/NovaScript-Regular.ttf,0,1,0,
NovaSquare,productdesigner/fonts/NovaSquare.ttf,0,1,0,
Numans Regular,productdesigner/fonts/Numans-Regular.ttf,0,1,0,
Nunito Regular,productdesigner/fonts/Nunito-Regular.ttf,0,1,0,
NunitoSans Regular,productdesigner/fonts/NunitoSans-Regular.ttf,0,1,0,
OdorMeanChey,productdesigner/fonts/OdorMeanChey.ttf,0,1,0,
Offside Regular,productdesigner/fonts/Offside-Regular.ttf,0,1,0,
OldStandard Regular,productdesigner/fonts/OldStandard-Regular.ttf,0,1,0,
OleoScriptSwashCaps Regular,productdesigner/fonts/OleoScriptSwashCaps-Regular.ttf,0,1,0,
Oranienbaum Regular,productdesigner/fonts/Oranienbaum-Regular.ttf,0,1,0,
Orbitron Regular,productdesigner/fonts/Orbitron-Regular.ttf,0,1,0,
Oregano Regular,productdesigner/fonts/Oregano-Regular.ttf,0,1,0,
Orienta Regular,productdesigner/fonts/Orienta-Regular.ttf,0,1,0,
OriginalSurfer Regular,productdesigner/fonts/OriginalSurfer-Regular.ttf,0,1,0,
Overlock Regular,productdesigner/fonts/Overlock-Regular.ttf,0,1,0,
OverlockSC Regular,productdesigner/fonts/OverlockSC-Regular.ttf,0,1,0,
Overpass Regular,productdesigner/fonts/Overpass-Regular.ttf,0,1,0,
OverpassMono Regular,productdesigner/fonts/OverpassMono-Regular.ttf,0,1,0,
OvertheRainbow,productdesigner/fonts/OvertheRainbow.ttf,0,1,0,
Ovo Regular,productdesigner/fonts/Ovo-Regular.ttf,0,1,0,
Oxygen Regular,productdesigner/fonts/Oxygen-Regular.ttf,0,1,0,
OxygenMono Regular,productdesigner/fonts/OxygenMono-Regular.ttf,0,1,0,
Pacifico Regular,productdesigner/fonts/Pacifico-Regular.ttf,0,1,0,
Padauk Regular,productdesigner/fonts/Padauk-Regular.ttf,0,1,0,
Palanquin Regular,productdesigner/fonts/Palanquin-Regular.ttf,0,1,0,
Pangolin Regular,productdesigner/fonts/Pangolin-Regular.ttf,0,1,0,
Paprika Regular,productdesigner/fonts/Paprika-Regular.ttf,0,1,0,
Parisienne Regular,productdesigner/fonts/Parisienne-Regular.ttf,0,1,0,
PasseroOne Regular,productdesigner/fonts/PasseroOne-Regular.ttf,0,1,0,
PassionOne Regular,productdesigner/fonts/PassionOne-Regular.ttf,0,1,0,
PathwayGothicOne Regular,productdesigner/fonts/PathwayGothicOne-Regular.ttf,0,1,0,
PatrickHandSC Regular,productdesigner/fonts/PatrickHandSC-Regular.ttf,0,1,0,
Pattaya Regular,productdesigner/fonts/Pattaya-Regular.ttf,0,1,0,
PatuaOne Regular,productdesigner/fonts/PatuaOne-Regular.ttf,0,1,0,
Pavanam Regular,productdesigner/fonts/Pavanam-Regular.ttf,0,1,0,
Peddana Regular,productdesigner/fonts/Peddana-Regular.ttf,0,1,0,
Peralta Regular,productdesigner/fonts/Peralta-Regular.ttf,0,1,0,
PermanentMarker Regular,productdesigner/fonts/PermanentMarker-Regular.ttf,0,1,0,
PetitFormalScript Regular,productdesigner/fonts/PetitFormalScript-Regular.ttf,0,1,0,
Petrona Regular,productdesigner/fonts/Petrona-Regular.ttf,0,1,0,
Philosopher Regular,productdesigner/fonts/Philosopher-Regular.ttf,0,1,0,
Piedra Regular,productdesigner/fonts/Piedra-Regular.ttf,0,1,0,
PirataOne Regular,productdesigner/fonts/PirataOne-Regular.ttf,0,1,0,
Plaster Regular,productdesigner/fonts/Plaster-Regular.ttf,0,1,0,
Play Regular,productdesigner/fonts/Play-Regular.ttf,0,1,0,
Podkova Regular,productdesigner/fonts/Podkova-Regular.ttf,0,1,0,
PoiretOne Regular,productdesigner/fonts/PoiretOne-Regular.ttf,0,1,0,
PollerOne,productdesigner/fonts/PollerOne.ttf,0,1,0,
Poly Regular,productdesigner/fonts/Poly-Regular.ttf,0,1,0,
Pompiere Regular,productdesigner/fonts/Pompiere-Regular.ttf,0,1,0,
PontanoSans Regular,productdesigner/fonts/PontanoSans-Regular.ttf,0,1,0,
PoorStory Regular,productdesigner/fonts/PoorStory-Regular.ttf,0,1,0,
Poppins Regular,productdesigner/fonts/Poppins-Regular.ttf,0,1,0,
PortLligatSans Regular,productdesigner/fonts/PortLligatSans-Regular.ttf,0,1,0,
PortLligatSlab Regular,productdesigner/fonts/PortLligatSlab-Regular.ttf,0,1,0,
PragatiNarrow Regular,productdesigner/fonts/PragatiNarrow-Regular.ttf,0,1,0,
Prata Regular,productdesigner/fonts/Prata-Regular.ttf,0,1,0,
Preahvihear,productdesigner/fonts/Preahvihear.ttf,0,1,0,
PressStart2P Regular,productdesigner/fonts/PressStart2P-Regular.ttf,0,1,0,
Pridi Regular,productdesigner/fonts/Pridi-Regular.ttf,0,1,0,
PrincessSofia Regular,productdesigner/fonts/PrincessSofia-Regular.ttf,0,1,0,
Prociono Regular,productdesigner/fonts/Prociono-Regular.ttf,0,1,0,
Prompt Regular,productdesigner/fonts/Prompt-Regular.ttf,0,1,0,
ProstoOne Regular,productdesigner/fonts/ProstoOne-Regular.ttf,0,1,0,
ProzaLibre Regular,productdesigner/fonts/ProzaLibre-Regular.ttf,0,1,0,
PT_Sans Caption Web Regular,productdesigner/fonts/PT_Sans-Caption-Web-Regular.ttf,0,1,0,
PT_Serif Caption Web Regular,productdesigner/fonts/PT_Serif-Caption-Web-Regular.ttf,0,1,0,
PTM55FT,productdesigner/fonts/PTM55FT.ttf,0,1,0,
Puritan Regular,productdesigner/fonts/Puritan-Regular.ttf,0,1,0,
PurplePurse Regular,productdesigner/fonts/PurplePurse-Regular.ttf,0,1,0,
Quando Regular,productdesigner/fonts/Quando-Regular.ttf,0,1,0,
Quantico Regular,productdesigner/fonts/Quantico-Regular.ttf,0,1,0,
QuattrocentoSans Regular,productdesigner/fonts/QuattrocentoSans-Regular.ttf,0,1,0,
Questrial Regular,productdesigner/fonts/Questrial-Regular.ttf,0,1,0,
Quicksand Regular,productdesigner/fonts/Quicksand-Regular.ttf,0,1,0,
Qwigley Regular,productdesigner/fonts/Qwigley-Regular.ttf,0,1,0,
RacingSansOne Regular,productdesigner/fonts/RacingSansOne-Regular.ttf,0,1,0,
Radley Regular,productdesigner/fonts/Radley-Regular.ttf,0,1,0,
Rakkas Regular,productdesigner/fonts/Rakkas-Regular.ttf,0,1,0,
Ramaraja Regular,productdesigner/fonts/Ramaraja-Regular.ttf,0,1,0,
RammettoOne Regular,productdesigner/fonts/RammettoOne-Regular.ttf,0,1,0,
Ranchers Regular,productdesigner/fonts/Ranchers-Regular.ttf,0,1,0,
Rancho Regular,productdesigner/fonts/Rancho-Regular.ttf,0,1,0,
Ranga Regular,productdesigner/fonts/Ranga-Regular.ttf,0,1,0,
Rationale Regular,productdesigner/fonts/Rationale-Regular.ttf,0,1,0,
RaviPrakash Regular,productdesigner/fonts/RaviPrakash-Regular.ttf,0,1,0,
ReemKufi Regular,productdesigner/fonts/ReemKufi-Regular.ttf,0,1,0,
Revalia Regular,productdesigner/fonts/Revalia-Regular.ttf,0,1,0,
RhodiumLibre Regular,productdesigner/fonts/RhodiumLibre-Regular.ttf,0,1,0,
Ribeye Regular,productdesigner/fonts/Ribeye-Regular.ttf,0,1,0,
RibeyeMarrow Regular,productdesigner/fonts/RibeyeMarrow-Regular.ttf,0,1,0,
Righteous Regular,productdesigner/fonts/Righteous-Regular.ttf,0,1,0,
Risque Regular,productdesigner/fonts/Risque-Regular.ttf,0,1,0,
RobotoMono Regular,productdesigner/fonts/RobotoMono-Regular.ttf,0,1,0,
Rochester Regular,productdesigner/fonts/Rochester-Regular.ttf,0,1,0,
Rokkitt Regular,productdesigner/fonts/Rokkitt-Regular.ttf,0,1,0,
Romanesco Regular,productdesigner/fonts/Romanesco-Regular.ttf,0,1,0,
RopaSans Regular,productdesigner/fonts/RopaSans-Regular.ttf,0,1,0,
Rosario Regular,productdesigner/fonts/Rosario-Regular.ttf,0,1,0,
Rubik Regular,productdesigner/fonts/Rubik-Regular.ttf,0,1,0,
RubikMonoOne Regular,productdesigner/fonts/RubikMonoOne-Regular.ttf,0,1,0,
Rufina Regular,productdesigner/fonts/Rufina-Regular.ttf,0,1,0,
RugeBoogie Regular,productdesigner/fonts/RugeBoogie-Regular.ttf,0,1,0,
RumRaisin Regular,productdesigner/fonts/RumRaisin-Regular.ttf,0,1,0,
RuslanDisplay,productdesigner/fonts/RuslanDisplay.ttf,0,1,0,
RussoOne Regular,productdesigner/fonts/RussoOne-Regular.ttf,0,1,0,
Ruthie Regular,productdesigner/fonts/Ruthie-Regular.ttf,0,1,0,
Sahitya Regular,productdesigner/fonts/Sahitya-Regular.ttf,0,1,0,
SairaExtraCondensed Regular,productdesigner/fonts/SairaExtraCondensed-Regular.ttf,0,1,0,
Salsa Regular,productdesigner/fonts/Salsa-Regular.ttf,0,1,0,
Sancreek Regular,productdesigner/fonts/Sancreek-Regular.ttf,0,1,0,
Sansita Regular,productdesigner/fonts/Sansita-Regular.ttf,0,1,0,
Sarabun Regular,productdesigner/fonts/Sarabun-Regular.ttf,0,1,0,
Sarala Regular,productdesigner/fonts/Sarala-Regular.ttf,0,1,0,
Sarina Regular,productdesigner/fonts/Sarina-Regular.ttf,0,1,0,
Sarpanch Regular,productdesigner/fonts/Sarpanch-Regular.ttf,0,1,0,
Satisfy Regular,productdesigner/fonts/Satisfy-Regular.ttf,0,1,0,
SawarabiGothic Regular,productdesigner/fonts/SawarabiGothic-Regular.ttf,0,1,0,
Scada Regular,productdesigner/fonts/Scada-Regular.ttf,0,1,0,
Scheherazade Regular,productdesigner/fonts/Scheherazade-Regular.ttf,0,1,0,
Schoolbell Regular,productdesigner/fonts/Schoolbell-Regular.ttf,0,1,0,
ScopeOne Regular,productdesigner/fonts/ScopeOne-Regular.ttf,0,1,0,
SeaweedScript Regular,productdesigner/fonts/SeaweedScript-Regular.ttf,0,1,0,
SecularOne Regular,productdesigner/fonts/SecularOne-Regular.ttf,0,1,0,
SedgwickAve Regular,productdesigner/fonts/SedgwickAve-Regular.ttf,0,1,0,
SedgwickAveDisplay Regular,productdesigner/fonts/SedgwickAveDisplay-Regular.ttf,0,1,0,
Sevillana Regular,productdesigner/fonts/Sevillana-Regular.ttf,0,1,0,
SeymourOne Regular,productdesigner/fonts/SeymourOne-Regular.ttf,0,1,0,
ShadowsIntoLight,productdesigner/fonts/ShadowsIntoLight.ttf,0,1,0,
Shanti Regular,productdesigner/fonts/Shanti-Regular.ttf,0,1,0,
Share Regular,productdesigner/fonts/Share-Regular.ttf,0,1,0,
ShareTechMono Regular,productdesigner/fonts/ShareTechMono-Regular.ttf,0,1,0,
Shojumaru Regular,productdesigner/fonts/Shojumaru-Regular.ttf,0,1,0,
ShortStack Regular,productdesigner/fonts/ShortStack-Regular.ttf,0,1,0,
Shrikhand Regular,productdesigner/fonts/Shrikhand-Regular.ttf,0,1,0,
Siemreap,productdesigner/fonts/Siemreap.ttf,0,1,0,
Signika Regular,productdesigner/fonts/Signika-Regular.ttf,0,1,0,
SirinStencil Regular,productdesigner/fonts/SirinStencil-Regular.ttf,0,1,0,
SixCaps,productdesigner/fonts/SixCaps.ttf,0,1,0,
Skranji Regular,productdesigner/fonts/Skranji-Regular.ttf,0,1,0,
Slabo13px Regular,productdesigner/fonts/Slabo13px-Regular.ttf,0,1,0,
Slackey Regular,productdesigner/fonts/Slackey-Regular.ttf,0,1,0,
Smokum Regular,productdesigner/fonts/Smokum-Regular.ttf,0,1,0,
Smythe Regular,productdesigner/fonts/Smythe-Regular.ttf,0,1,0,
Sniglet Regular,productdesigner/fonts/Sniglet-Regular.ttf,0,1,0,
SnowburstOne Regular,productdesigner/fonts/SnowburstOne-Regular.ttf,0,1,0,
SofadiOne Regular,productdesigner/fonts/SofadiOne-Regular.ttf,0,1,0,
Sofia Regular,productdesigner/fonts/Sofia-Regular.ttf,0,1,0,
SongMyung Regular,productdesigner/fonts/SongMyung-Regular.ttf,0,1,0,
SonsieOne Regular,productdesigner/fonts/SonsieOne-Regular.ttf,0,1,0,
SourceCodePro Regular,productdesigner/fonts/SourceCodePro-Regular.ttf,0,1,0,
SourceSerifPro Regular,productdesigner/fonts/SourceSerifPro-Regular.ttf,0,1,0,
SpaceMono Regular,productdesigner/fonts/SpaceMono-Regular.ttf,0,1,0,
SpectralSC Regular,productdesigner/fonts/SpectralSC-Regular.ttf,0,1,0,
SpicyRice Regular,productdesigner/fonts/SpicyRice-Regular.ttf,0,1,0,
Spinnaker Regular,productdesigner/fonts/Spinnaker-Regular.ttf,0,1,0,
Spirax Regular,productdesigner/fonts/Spirax-Regular.ttf,0,1,0,
SreeKrushnadevaraya Regular,productdesigner/fonts/SreeKrushnadevaraya-Regular.ttf,0,1,0,
Sriracha Regular,productdesigner/fonts/Sriracha-Regular.ttf,0,1,0,
Staatliches Regular,productdesigner/fonts/Staatliches-Regular.ttf,0,1,0,
StalinistOne Regular,productdesigner/fonts/StalinistOne-Regular.ttf,0,1,0,
StardosStencil Regular,productdesigner/fonts/StardosStencil-Regular.ttf,0,1,0,
StintUltraExpanded Regular,productdesigner/fonts/StintUltraExpanded-Regular.ttf,0,1,0,
Stoke Regular,productdesigner/fonts/Stoke-Regular.ttf,0,1,0,
Strait Regular,productdesigner/fonts/Strait-Regular.ttf,0,1,0,
SueEllenFrancisco,productdesigner/fonts/SueEllenFrancisco.ttf,0,1,0,
SuezOne Regular,productdesigner/fonts/SuezOne-Regular.ttf,0,1,0,
Sumana Regular,productdesigner/fonts/Sumana-Regular.ttf,0,1,0,
Sunflower Medium,productdesigner/fonts/Sunflower-Medium.ttf,0,1,0,
Sunshiney Regular,productdesigner/fonts/Sunshiney-Regular.ttf,0,1,0,
SupermercadoOne Regular,productdesigner/fonts/SupermercadoOne-Regular.ttf,0,1,0,
Sura Regular,productdesigner/fonts/Sura-Regular.ttf,0,1,0,
Suranna Regular,productdesigner/fonts/Suranna-Regular.ttf,0,1,0,
Suravaram Regular,productdesigner/fonts/Suravaram-Regular.ttf,0,1,0,
Suwannaphum Regular,productdesigner/fonts/Suwannaphum-Regular.ttf,0,1,0,
Tajawal Regular,productdesigner/fonts/Tajawal-Regular.ttf,0,1,0,
Taprom,productdesigner/fonts/Taprom.ttf,0,1,0,
Tauri Regular,productdesigner/fonts/Tauri-Regular.ttf,0,1,0,
Taviraj Regular,productdesigner/fonts/Taviraj-Regular.ttf,0,1,0,
Telex Regular,productdesigner/fonts/Telex-Regular.ttf,0,1,0,
TenaliRamakrishna Regular,productdesigner/fonts/TenaliRamakrishna-Regular.ttf,0,1,0,
TenorSans Regular,productdesigner/fonts/TenorSans-Regular.ttf,0,1,0,
TextMeOne Regular,productdesigner/fonts/TextMeOne-Regular.ttf,0,1,0,
Thasadith Regular,productdesigner/fonts/Thasadith-Regular.ttf,0,1,0,
Tienne Regular,productdesigner/fonts/Tienne-Regular.ttf,0,1,0,
Tillana Regular,productdesigner/fonts/Tillana-Regular.ttf,0,1,0,
TitanOne Regular,productdesigner/fonts/TitanOne-Regular.ttf,0,1,0,
Trocchi Regular,productdesigner/fonts/Trocchi-Regular.ttf,0,1,0,
Trochut Regular,productdesigner/fonts/Trochut-Regular.ttf,0,1,0,
Trykker Regular,productdesigner/fonts/Trykker-Regular.ttf,0,1,0,
UbuntuCondensed Regular,productdesigner/fonts/UbuntuCondensed-Regular.ttf,0,1,0,
UbuntuMono Regular,productdesigner/fonts/UbuntuMono-Regular.ttf,0,1,0,
Ultra Regular,productdesigner/fonts/Ultra-Regular.ttf,0,1,0,
UncialAntiqua Regular,productdesigner/fonts/UncialAntiqua-Regular.ttf,0,1,0,
Underdog Regular,productdesigner/fonts/Underdog-Regular.ttf,0,1,0,
UnicaOne Regular,productdesigner/fonts/UnicaOne-Regular.ttf,0,1,0,
UnifrakturMaguntia Book,productdesigner/fonts/UnifrakturMaguntia-Book.ttf,0,1,0,
Unkempt Regular,productdesigner/fonts/Unkempt-Regular.ttf,0,1,0,
Unlock Regular,productdesigner/fonts/Unlock-Regular.ttf,0,1,0,
Unna Regular,productdesigner/fonts/Unna-Regular.ttf,0,1,0,
VampiroOne Regular,productdesigner/fonts/VampiroOne-Regular.ttf,0,1,0,
VarelaRound Regular,productdesigner/fonts/VarelaRound-Regular.ttf,0,1,0,
VastShadow Regular,productdesigner/fonts/VastShadow-Regular.ttf,0,1,0,
VesperLibre Regular,productdesigner/fonts/VesperLibre-Regular.ttf,0,1,0,
Voces Regular,productdesigner/fonts/Voces-Regular.ttf,0,1,0,
Vollkorn Regular,productdesigner/fonts/Vollkorn-Regular.ttf,0,1,0,
VollkornSC Regular,productdesigner/fonts/VollkornSC-Regular.ttf,0,1,0,
VT323 Regular,productdesigner/fonts/VT323-Regular.ttf,0,1,0,
WaitingfortheSunrise,productdesigner/fonts/WaitingfortheSunrise.ttf,0,1,0,
WalterTurncoat Regular,productdesigner/fonts/WalterTurncoat-Regular.ttf,0,1,0,
Warnes Regular,productdesigner/fonts/Warnes-Regular.ttf,0,1,0,
Wellfleet Regular,productdesigner/fonts/Wellfleet-Regular.ttf,0,1,0,
WendyOne Regular,productdesigner/fonts/WendyOne-Regular.ttf,0,1,0,
WireOne,productdesigner/fonts/WireOne.ttf,0,1,0,
WorkSans Regular,productdesigner/fonts/WorkSans-Regular.ttf,0,1,0,
YanoneKaffeesatz Regular,productdesigner/fonts/YanoneKaffeesatz-Regular.ttf,0,1,0,
YatraOne Regular,productdesigner/fonts/YatraOne-Regular.ttf,0,1,0,
YesevaOne Regular,productdesigner/fonts/YesevaOne-Regular.ttf,0,1,0,
Yesteryear Regular,productdesigner/fonts/Yesteryear-Regular.ttf,0,1,0,
Yrsa Regular,productdesigner/fonts/Yrsa-Regular.ttf,0,1,0,
ZCOOLKuaiLe Regular,productdesigner/fonts/ZCOOLKuaiLe-Regular.ttf,0,1,0,
ZCOOLQingKeHuangYou Regular,productdesigner/fonts/ZCOOLQingKeHuangYou-Regular.ttf,0,1,0,
Zeyada,productdesigner/fonts/Zeyada.ttf,0,1,0,
ZillaSlab Regular,productdesigner/fonts/ZillaSlab-Regular.ttf,0,1,0,
ZillaSlabHighlight Regular,productdesigner/fonts/ZillaSlabHighlight-Regular.ttf,0,1,0,
